,yield curve spread,unemployment rate,CPI inflation,GDP growth,consumer confidence,fed funds rate,recession indicator
2000-01-31,0.221,4.0,169.3,1.5,112.0,5.45,0.0
2000-02-29,-0.091,4.1,170.0,1.5,111.3,5.73,0.0
2000-03-31,-0.2717391304347826,4.0,171.0,1.5,107.1,5.85,0.0
2000-04-30,-0.4131578947368421,3.8,170.9,7.5,109.2,6.02,0.0
2000-05-31,-0.3690909090909091,4.0,171.2,7.5,110.7,6.27,0.0
2000-06-30,-0.3845454545454546,4.0,172.2,7.5,106.4,6.53,0.0
2000-07-31,-0.28500000000000003,4.0,172.7,0.4,108.3,6.54,0.0
2000-08-31,-0.4026086956521739,4.1,172.7,0.4,107.3,6.5,0.0
2000-09-30,-0.28250000000000003,3.9,173.6,0.4,106.8,6.52,0.0
2000-10-31,-0.1738095238095238,3.9,173.9,2.4,105.8,6.51,0.0
2000-11-30,-0.15809523809523812,3.9,174.2,2.4,107.6,6.51,0.0
2000-12-31,-0.1115,3.9,174.6,2.4,98.4,6.4,0.0
2001-01-31,0.40095238095238095,4.2,175.6,-1.3,94.7,5.98,0.0
2001-02-28,0.4421052631578948,4.2,176.0,-1.3,90.6,5.49,0.0
2001-03-31,0.5431818181818181,4.3,176.1,-1.3,91.5,5.31,0.0
2001-04-30,0.907,4.4,176.4,2.5,88.4,4.8,1.0
2001-05-31,1.1313636363636363,4.3,177.3,2.5,92.0,4.21,1.0
2001-06-30,1.2042857142857142,4.5,177.7,2.5,92.6,3.97,1.0
2001-07-31,1.1976190476190476,4.6,177.4,-1.6,92.4,3.77,1.0
2001-08-31,1.2139130434782608,4.9,177.4,-1.6,91.5,3.65,1.0
2001-09-30,1.6129411764705883,5.0,178.1,-1.6,81.8,3.07,1.0
2001-10-31,1.8409090909090908,5.3,177.6,1.1,82.7,2.49,1.0
2001-11-30,1.8690000000000002,5.5,177.5,1.1,83.9,2.09,1.0
2001-12-31,1.9805,5.7,177.4,1.1,88.8,1.82,0.0
2002-01-31,2.0076190476190474,5.7,177.7,3.4,93.0,1.73,0.0
2002-02-28,1.8963157894736842,5.7,178.0,3.4,90.7,1.74,0.0
2002-03-31,1.7265000000000001,5.7,178.5,3.4,95.7,1.73,0.0
2002-04-30,1.7881818181818183,5.9,179.3,2.5,93.0,1.75,0.0
2002-05-31,1.9004545454545456,5.8,179.5,2.5,96.9,1.75,0.0
2002-06-30,1.9335,5.8,179.6,2.5,92.4,1.75,0.0
2002-07-31,2.096363636363636,5.8,180.0,1.6,88.1,1.73,0.0
2002-08-31,2.1236363636363635,5.7,180.5,1.6,87.6,1.74,0.0
2002-09-30,1.8655000000000002,5.7,180.8,1.6,86.1,1.75,0.0
2002-10-31,2.0290909090909093,5.7,181.2,0.5,80.6,1.75,0.0
2002-11-30,2.125263157894737,5.9,181.5,0.5,84.2,1.34,0.0
2002-12-31,2.1961904761904765,6.0,181.8,0.5,86.7,1.24,0.0
2003-01-31,2.305238095238095,5.8,182.6,2.1,82.4,1.24,0.0
2003-02-28,2.274736842105263,5.9,183.6,2.1,79.9,1.26,0.0
2003-03-31,2.2333333333333334,5.9,183.9,2.1,77.6,1.25,0.0
2003-04-30,2.336190476190476,6.0,183.2,3.6,86.0,1.26,0.0
2003-05-31,2.1538095238095236,6.1,182.9,3.6,92.1,1.26,0.0
2003-06-30,2.107142857142857,6.3,183.1,3.6,89.7,1.22,0.0
2003-07-31,2.5013636363636365,6.2,183.7,6.8,90.9,1.01,0.0
2003-08-31,2.580952380952381,6.1,184.5,6.8,89.3,1.03,0.0
2003-09-30,2.568095238095238,6.1,185.1,6.8,87.7,1.01,0.0
2003-10-31,2.5427272727272725,6.0,184.9,4.7,89.6,1.01,0.0
2003-11-30,2.373333333333333,5.8,185.0,4.7,93.7,1.0,0.0
2003-12-31,2.3604545454545454,5.7,185.5,4.7,92.6,0.98,0.0
2004-01-31,2.3895,5.7,186.3,2.3,103.8,1.0,0.0
2004-02-29,2.3442105263157895,5.6,186.7,2.3,94.4,1.01,0.0
2004-03-31,2.248695652173913,5.8,187.1,2.3,95.8,1.0,0.0
2004-04-30,2.276666666666667,5.6,187.4,3.1,94.2,1.0,0.0
2004-05-31,2.182,5.6,188.2,3.1,90.2,1.0,0.0
2004-06-30,1.9704761904761903,5.6,188.9,3.1,95.6,1.03,0.0
2004-07-31,1.8595238095238094,5.5,189.1,3.8,96.7,1.26,0.0
2004-08-31,1.7731818181818182,5.4,189.2,3.8,95.9,1.43,0.0
2004-09-30,1.6004761904761904,5.4,189.8,3.8,94.2,1.61,0.0
2004-10-31,1.5125,5.5,190.8,4.1,91.7,1.76,0.0
2004-11-30,1.342,5.4,191.7,4.1,92.8,1.93,0.0
2004-12-31,1.219090909090909,5.4,191.7,4.1,97.1,2.16,0.0
2005-01-31,0.999,5.3,191.6,4.5,95.5,2.28,0.0
2005-02-28,0.7805263157894737,5.4,192.4,4.5,94.1,2.5,0.0
2005-03-31,0.770909090909091,5.2,193.1,4.5,92.6,2.63,0.0
2005-04-30,0.6871428571428572,5.2,193.7,2.0,87.7,2.79,0.0
2005-05-31,0.5004761904761905,5.1,193.6,2.0,86.9,3.0,0.0
2005-06-30,0.3577272727272727,5.0,193.7,2.0,96.0,3.04,0.0
2005-07-31,0.3065,5.0,194.9,3.2,96.5,3.26,0.0
2005-08-31,0.21826086956521742,4.9,196.1,3.2,89.1,3.5,0.0
2005-09-30,0.2528571428571429,5.0,198.8,3.2,76.9,3.62,0.0
2005-10-31,0.1925,5.0,199.1,2.2,74.2,3.78,0.0
2005-11-30,0.11850000000000001,5.0,198.1,2.2,81.6,4.0,0.0
2005-12-31,0.06285714285714286,4.9,198.1,2.2,91.5,4.16,0.0
2006-01-31,0.020499999999999997,4.7,199.3,5.5,91.2,4.29,0.0
2006-02-28,-0.09947368421052633,4.8,199.4,5.5,86.7,4.49,0.0
2006-03-31,-0.009999999999999998,4.7,199.7,5.5,88.9,4.59,0.0
2006-04-30,0.10157894736842105,4.7,200.7,1.0,87.4,4.79,0.0
2006-05-31,0.14181818181818182,4.6,201.3,1.0,79.1,4.94,0.0
2006-06-30,-0.015454545454545453,4.6,201.8,1.0,84.9,4.99,0.0
2006-07-31,-0.031,4.7,202.9,0.6,84.7,5.24,0.0
2006-08-31,-0.026956521739130435,4.7,203.8,0.6,82.0,5.25,0.0
2006-09-30,-0.05,4.5,202.8,0.6,85.4,5.25,0.0
2006-10-31,-0.06666666666666668,4.4,201.9,3.5,93.6,5.25,0.0
2006-11-30,-0.14523809523809525,4.5,202.0,3.5,92.1,5.25,0.0
2006-12-31,-0.10900000000000001,4.4,203.1,3.5,91.7,5.24,0.0
2007-01-31,-0.11666666666666667,4.6,203.437,1.2,96.9,5.25,0.0
2007-02-28,-0.12631578947368421,4.5,204.226,1.2,91.3,5.26,0.0
2007-03-31,-0.009090909090909092,4.4,205.288,1.2,88.4,5.26,0.0
2007-04-30,0.027619047619047623,4.5,205.904,2.5,87.1,5.25,0.0
2007-05-31,-0.02,4.4,206.755,2.5,88.3,5.25,0.0
2007-06-30,0.12238095238095237,4.6,207.234,2.5,85.3,5.25,0.0
2007-07-31,0.18523809523809526,4.7,207.603,2.3,90.4,5.26,0.0
2007-08-31,0.3617391304347826,4.6,207.667,2.3,83.4,5.02,0.0
2007-09-30,0.51,4.7,208.547,2.3,83.4,4.94,0.0
2007-10-31,0.56,4.7,209.19,2.5,80.9,4.76,0.0
2007-11-30,0.8119999999999999,4.7,210.834,2.5,76.1,4.49,0.0
2007-12-31,0.9804999999999999,5.0,211.445,2.5,75.5,4.24,0.0
2008-01-31,1.2685714285714287,5.0,212.174,-1.7,78.4,3.94,1.0
2008-02-29,1.7645,4.9,212.687,-1.7,70.8,2.98,1.0
2008-03-31,1.893,5.1,213.448,-1.7,69.5,2.61,1.0
2008-04-30,1.627727272727273,5.0,213.942,2.4,62.6,2.28,1.0
2008-05-31,1.4342857142857142,5.4,215.208,2.4,59.8,1.98,1.0
2008-06-30,1.3257142857142856,5.6,217.463,2.4,56.4,2.0,1.0
2008-07-31,1.4345454545454546,5.8,219.016,-2.1,61.2,2.01,1.0
2008-08-31,1.4652380952380952,6.1,218.69,-2.1,63.0,2.0,1.0
2008-09-30,1.61,6.1,218.877,-2.1,70.3,1.81,1.0
2008-10-31,2.2018181818181817,6.5,216.995,-8.5,57.6,0.97,1.0
2008-11-30,2.3138888888888887,6.8,213.153,-8.5,55.3,0.39,1.0
2008-12-31,1.5954545454545455,7.3,211.398,-8.5,60.1,0.16,1.0
2009-01-31,1.7105000000000001,7.8,211.933,-4.5,61.2,0.15,1.0
2009-02-28,1.894736842105263,8.3,212.705,-4.5,56.3,0.22,1.0
2009-03-31,1.8881818181818182,8.7,212.495,-4.5,57.3,0.18,1.0
2009-04-30,2.0,9.0,212.709,-0.7,65.1,0.15,1.0
2009-05-31,2.3635,9.4,213.022,-0.7,68.7,0.18,1.0
2009-06-30,2.5377272727272726,9.5,214.79,-0.7,70.8,0.21,1.0
2009-07-31,2.5431818181818184,9.5,214.726,1.4,66.0,0.16,0.0
2009-08-31,2.4719047619047623,9.6,215.445,1.4,65.7,0.16,0.0
2009-09-30,2.4457142857142857,9.8,215.861,1.4,73.5,0.15,0.0
2009-10-31,2.4385714285714286,10.0,216.509,4.4,70.6,0.12,0.0
2009-11-30,2.599473684210526,9.9,217.234,4.4,67.4,0.12,0.0
2009-12-31,2.7154545454545453,9.9,217.347,4.4,72.5,0.12,0.0
2010-01-31,2.8042105263157895,9.8,217.488,1.9,74.4,0.11,0.0
2010-02-28,2.8342105263157897,9.8,217.281,1.9,73.6,0.13,0.0
2010-03-31,2.7686956521739132,9.9,217.353,1.9,73.6,0.16,0.0
2010-04-30,2.786363636363636,9.9,217.403,3.9,72.2,0.2,0.0
2010-05-31,2.5895,9.6,217.29,3.9,73.6,0.2,0.0
2010-06-30,2.4795454545454545,9.4,217.199,3.9,76.0,0.18,0.0
2010-07-31,2.394761904761905,9.4,217.605,3.1,67.8,0.18,0.0
2010-08-31,2.178181818181818,9.5,217.923,3.1,68.9,0.19,0.0
2010-09-30,2.1676190476190476,9.5,218.275,3.1,68.2,0.19,0.0
2010-10-31,2.164,9.4,219.035,2.1,67.7,0.19,0.0
2010-11-30,2.309,9.8,219.59,2.1,71.6,0.19,0.0
2010-12-31,2.6727272727272724,9.3,220.472,2.1,74.5,0.18,0.0
2011-01-31,2.7794999999999996,9.1,221.187,-0.9,74.2,0.17,0.0
2011-02-28,2.803684210526316,9.0,221.898,-0.9,77.5,0.16,0.0
2011-03-31,2.7169565217391307,9.0,223.046,-0.9,67.5,0.14,0.0
2011-04-30,2.7205000000000004,9.1,224.093,2.7,69.8,0.1,0.0
2011-05-31,2.6133333333333333,9.0,224.806,2.7,74.3,0.09,0.0
2011-06-30,2.591818181818182,9.1,224.806,2.7,71.5,0.09,0.0
2011-07-31,2.5965,9.0,225.395,-0.1,63.7,0.07,0.0
2011-08-31,2.072608695652174,9.0,226.106,-0.1,55.8,0.1,0.0
2011-09-30,1.7638095238095237,9.0,226.597,-0.1,59.5,0.08,0.0
2011-10-31,1.8715,8.8,226.75,4.6,60.8,0.07,0.0
2011-11-30,1.7600000000000002,8.6,227.169,4.6,63.7,0.08,0.0
2011-12-31,1.720952380952381,8.5,227.223,4.6,69.9,0.07,0.0
2012-01-31,1.7260000000000002,8.3,227.842,3.4,75.0,0.08,0.0
2012-02-29,1.6895,8.3,228.329,3.4,75.3,0.1,0.0
2012-03-31,1.8281818181818181,8.2,228.807,3.4,76.2,0.13,0.0
2012-04-30,1.7609523809523808,8.2,229.187,1.8,76.4,0.14,0.0
2012-05-31,1.518181818181818,8.2,228.713,1.8,79.3,0.16,0.0
2012-06-30,1.3304761904761906,8.2,228.524,1.8,73.2,0.16,0.0
2012-07-31,1.2785714285714287,8.2,228.59,0.6,72.3,0.16,0.0
2012-08-31,1.4095652173913045,8.1,229.918,0.6,74.3,0.13,0.0
2012-09-30,1.4678947368421054,7.8,231.015,0.6,78.3,0.14,0.0
2012-10-31,1.469047619047619,7.8,231.638,0.5,82.6,0.16,0.0
2012-11-30,1.386,7.7,231.249,0.5,82.7,0.16,0.0
2012-12-31,1.462,7.9,231.221,0.5,72.9,0.16,0.0
2013-01-31,1.6495238095238096,8.0,231.679,4.0,73.8,0.14,0.0
2013-02-28,1.7168421052631577,7.7,232.937,4.0,77.6,0.15,0.0
2013-03-31,1.7015,7.5,232.282,4.0,78.6,0.14,0.0
2013-04-30,1.526818181818182,7.6,231.797,1.1,76.4,0.15,0.0
2013-05-31,1.6777272727272725,7.5,231.893,1.1,84.5,0.11,0.0
2013-06-30,1.9665,7.5,232.445,1.1,84.1,0.09,0.0
2013-07-31,2.2413636363636367,7.3,232.9,3.5,85.1,0.09,0.0
2013-08-31,2.380909090909091,7.2,233.456,3.5,82.1,0.08,0.0
2013-09-30,2.4055,7.2,233.544,3.5,77.5,0.08,0.0
2013-10-31,2.2804545454545457,7.2,233.669,3.5,73.2,0.09,0.0
2013-11-30,2.4147368421052633,6.9,234.1,3.5,75.1,0.08,0.0
2013-12-31,2.5619047619047617,6.7,234.719,3.5,82.5,0.09,0.0
2014-01-31,2.4642857142857144,6.6,235.288,-1.4,81.2,0.07,0.0
2014-02-28,2.382631578947368,6.7,235.547,-1.4,81.6,0.07,0.0
2014-03-31,2.3242857142857143,6.7,236.028,-1.4,80.0,0.08,0.0
2014-04-30,2.288095238095238,6.2,236.468,5.3,84.1,0.09,0.0
2014-05-31,2.17,6.3,236.918,5.3,81.9,0.09,0.0
2014-06-30,2.146190476190476,6.1,237.231,5.3,82.5,0.1,0.0
2014-07-31,2.0359090909090907,6.2,237.498,5.0,81.8,0.09,0.0
2014-08-31,1.9476190476190476,6.1,237.46,5.0,82.5,0.09,0.0
2014-09-30,1.9676190476190476,5.9,237.477,5.0,84.6,0.09,0.0
2014-10-31,1.8586363636363636,5.7,237.43,2.0,86.9,0.09,0.0
2014-11-30,1.7983333333333331,5.8,236.983,2.0,88.8,0.09,0.0
2014-12-31,1.5718181818181818,5.6,236.252,2.0,93.6,0.12,0.0
2015-01-31,1.33,5.7,234.747,3.6,98.1,0.11,0.0
2015-02-28,1.3563157894736841,5.5,235.342,3.6,95.4,0.11,0.0
2015-03-31,1.4022727272727273,5.4,235.976,3.6,93.0,0.11,0.0
2015-04-30,1.395,5.4,236.222,2.5,95.9,0.12,0.0
2015-05-31,1.5885,5.6,237.001,2.5,90.7,0.12,0.0
2015-06-30,1.675,5.3,237.657,2.5,96.1,0.13,0.0
2015-07-31,1.656818181818182,5.2,238.034,1.6,93.1,0.13,0.0
2015-08-31,1.4695238095238095,5.1,238.033,1.6,91.9,0.14,0.0
2015-09-30,1.4595238095238094,5.0,237.498,1.6,87.2,0.14,0.0
2015-10-31,1.4252380952380952,5.0,237.733,0.7,90.0,0.12,0.0
2015-11-30,1.378421052631579,5.1,238.017,0.7,91.3,0.12,0.0
2015-12-31,1.26,5.0,237.761,0.7,92.6,0.24,0.0
2016-01-31,1.1857894736842105,4.8,237.652,2.3,92.0,0.34,0.0
2016-02-29,1.046,4.9,237.336,2.3,91.7,0.38,0.0
2016-03-31,1.014090909090909,5.0,238.08,2.3,91.0,0.36,0.0
2016-04-30,1.0371428571428571,5.1,238.992,1.3,89.0,0.37,0.0
2016-05-31,0.99,4.8,239.557,1.3,94.7,0.37,0.0
2016-06-30,0.9127272727272728,4.9,240.222,1.3,93.5,0.38,0.0
2016-07-31,0.8314999999999999,4.8,240.101,2.9,90.0,0.39,0.0
2016-08-31,0.8191304347826087,4.9,240.545,2.9,89.8,0.4,0.0
2016-09-30,0.8595238095238096,5.0,241.176,2.9,91.2,0.4,0.0
2016-10-31,0.9215,4.9,241.741,2.2,87.2,0.4,0.0
2016-11-30,1.1625,4.7,242.026,2.2,93.8,0.41,0.0
2016-12-31,1.2952380952380953,4.7,242.637,2.2,98.2,0.54,0.0
2017-01-31,1.226,4.7,243.618,2.0,98.5,0.65,0.0
2017-02-28,1.2178947368421054,4.6,244.006,2.0,96.3,0.66,0.0
2017-03-31,1.168695652173913,4.4,243.892,2.0,96.9,0.79,0.0
2017-04-30,1.0563157894736843,4.4,244.193,2.3,97.0,0.9,0.0
2017-05-31,1.0018181818181817,4.4,244.004,2.3,97.1,0.91,0.0
2017-06-30,0.8445454545454546,4.3,244.163,2.3,95.0,1.04,0.0
2017-07-31,0.9455,4.3,244.243,3.2,93.4,1.15,0.0
2017-08-31,0.8739130434782609,4.4,245.183,3.2,96.8,1.16,0.0
2017-09-30,0.8175000000000001,4.3,246.435,3.2,95.1,1.15,0.0
2017-10-31,0.8104761904761905,4.2,246.626,4.6,100.7,1.15,0.0
2017-11-30,0.6566666666666666,4.2,247.284,4.6,98.5,1.16,0.0
2017-12-31,0.5585,4.1,247.805,4.6,95.9,1.3,0.0
2018-01-31,0.5519047619047619,4.0,248.859,3.3,95.7,1.41,0.0
2018-02-28,0.6836842105263158,4.1,249.529,3.3,99.7,1.42,0.0
2018-03-31,0.5666666666666667,4.0,249.577,3.3,101.4,1.51,0.0
2018-04-30,0.4847619047619047,4.0,250.227,2.1,98.8,1.69,0.0
2018-05-31,0.4659090909090909,3.8,250.792,2.1,98.0,1.7,0.0
2018-06-30,0.379047619047619,4.0,251.018,2.1,98.2,1.82,0.0
2018-07-31,0.28238095238095234,3.8,251.214,2.5,97.9,1.91,0.0
2018-08-31,0.2534782608695652,3.8,251.663,2.5,96.2,1.91,0.0
2018-09-30,0.23631578947368423,3.7,252.182,2.5,100.1,1.95,0.0
2018-10-31,0.2913636363636364,3.8,252.772,0.6,98.6,2.19,0.0
2018-11-30,0.258,3.8,252.594,0.6,97.5,2.2,0.0
2018-12-31,0.1563157894736842,3.9,252.767,0.6,98.3,2.27,0.0
2019-01-31,0.17047619047619048,4.0,252.561,2.5,91.2,2.4,0.0
2019-02-28,0.17210526315789473,3.8,253.319,2.5,93.8,2.4,0.0
2019-03-31,0.16142857142857142,3.8,254.277,2.5,98.4,2.41,0.0
2019-04-30,0.18761904761904763,3.7,255.233,3.4,97.2,2.42,0.0
2019-05-31,0.18863636363636366,3.6,255.296,3.4,100.0,2.39,0.0
2019-06-30,0.26,3.6,255.213,3.4,98.2,2.38,0.0
2019-07-31,0.2240909090909091,3.7,255.802,4.8,98.4,2.4,0.0
2019-08-31,0.055,3.6,256.036,4.8,89.8,2.13,0.0
2019-09-30,0.051500000000000004,3.5,256.43,4.8,93.2,2.04,0.0
2019-10-31,0.15545454545454546,3.6,257.155,2.8,95.5,1.83,0.0
2019-11-30,0.19947368421052633,3.6,257.879,2.8,96.8,1.55,0.0
2019-12-31,0.24952380952380954,3.6,258.63,2.8,99.3,1.55,0.0
2020-01-31,0.23857142857142857,3.6,259.127,-5.2,99.8,1.55,0.0
2020-02-29,0.1731578947368421,3.5,259.25,-5.2,101.0,1.58,0.0
2020-03-31,0.42181818181818187,4.4,258.076,-5.2,89.1,0.65,1.0
2020-04-30,0.43285714285714283,14.8,256.032,-28.0,71.8,0.05,1.0
2020-05-31,0.5035000000000001,13.2,255.802,-28.0,72.3,0.05,0.0
2020-06-30,0.5436363636363637,11.0,257.042,-28.0,78.1,0.08,0.0
2020-07-31,0.4754545454545455,10.2,258.352,34.9,72.5,0.09,0.0
2020-08-31,0.5104761904761905,8.4,259.316,34.9,74.1,0.1,0.0
2020-09-30,0.5447619047619048,7.8,259.997,34.9,80.4,0.09,0.0
2020-10-31,0.6376190476190476,6.9,260.319,4.6,81.8,0.09,0.0
2020-11-30,0.7042105263157895,6.7,260.911,4.6,76.9,0.09,0.0
2020-12-31,0.7977272727272727,6.7,262.045,4.6,80.7,0.09,0.0
2021-01-31,0.9500000000000001,6.4,262.687,5.7,79.0,0.09,0.0
2021-02-28,1.1426315789473684,6.2,263.579,5.7,76.8,0.08,0.0
2021-03-31,1.463913043478261,6.1,264.961,5.7,84.9,0.07,0.0
2021-04-30,1.471818181818182,6.1,266.614,7.0,88.3,0.07,0.0
2021-05-31,1.466,5.8,268.383,7.0,82.9,0.06,0.0
2021-06-30,1.3163636363636364,5.9,270.654,7.0,85.5,0.08,0.0
2021-07-31,1.099047619047619,5.4,271.903,3.3,81.2,0.1,0.0
2021-08-31,1.0659090909090911,5.1,272.676,3.3,70.3,0.09,0.0
2021-09-30,1.1338095238095238,4.7,273.91,3.3,72.8,0.08,0.0
2021-10-31,1.19,4.5,276.55,7.0,71.7,0.08,0.0
2021-11-30,1.0515,4.1,278.919,7.0,67.4,0.08,0.0
2021-12-31,0.785,3.9,280.845,7.0,70.6,0.08,0.0
2022-01-31,0.7835,4.0,282.543,-1.0,67.2,0.08,0.0
2022-02-28,0.49894736842105264,3.9,284.5,-1.0,62.8,0.08,0.0
2022-03-31,0.21826086956521737,3.7,287.674,-1.0,59.4,0.2,0.0
2022-04-30,0.20950000000000002,3.7,288.561,0.6,65.2,0.33,0.0
2022-05-31,0.2814285714285714,3.6,291.298,0.6,58.4,0.77,0.0
2022-06-30,0.14523809523809525,3.6,294.957,0.6,50.0,1.21,0.0
2022-07-31,-0.13999999999999999,3.5,294.913,2.9,51.5,1.68,0.0
2022-08-31,-0.3521739130434782,3.6,295.097,2.9,58.2,2.33,0.0
2022-09-30,-0.3376190476190476,3.5,296.349,2.9,58.6,2.56,0.0
2022-10-31,-0.3915,3.6,298.007,2.8,59.9,3.08,0.0
2022-11-30,-0.6125,3.6,298.786,2.8,56.7,3.78,0.0
2022-12-31,-0.6723809523809524,3.5,298.832,2.8,59.8,4.1,0.0
2023-01-31,-0.6759999999999999,3.5,300.42,2.9,64.9,4.33,0.0
2023-02-28,-0.7868421052631579,3.6,301.45,2.9,66.9,4.57,0.0
2023-03-31,-0.6395652173913043,3.5,301.821,2.9,62.0,4.65,0.0
2023-04-30,-0.5559999999999999,3.4,302.845,2.5,63.7,4.83,0.0
2023-05-31,-0.5581818181818181,3.6,303.334,2.5,59.0,5.06,0.0
2023-06-30,-0.8914285714285713,3.6,304.014,2.5,64.2,5.08,0.0
2023-07-31,-0.9289999999999999,3.5,304.609,4.7,71.5,5.12,0.0
2023-08-31,-0.7339130434782608,3.7,306.082,4.7,69.4,5.33,0.0
2023-09-30,-0.643,3.7,307.276,4.7,67.8,5.33,0.0
2023-10-31,-0.26952380952380955,3.9,307.696,3.4,63.8,5.33,0.0
2023-11-30,-0.3795238095238095,3.7,308.148,3.4,61.3,5.33,0.0
2023-12-31,-0.437,3.8,308.741,3.4,69.7,5.33,0.0
2024-01-31,-0.2647619047619048,3.7,309.698,0.8,79.0,5.33,0.0
2024-02-29,-0.3365,3.9,310.967,0.8,76.9,5.33,0.0
2024-03-31,-0.3795,3.9,312.345,0.8,79.4,5.33,0.0
2024-04-30,-0.33409090909090905,3.9,313.023,3.6,77.2,5.33,0.0
2024-05-31,-0.3740909090909091,3.9,313.175,3.6,69.1,5.33,0.0
2024-06-30,-0.431578947368421,4.1,313.044,3.6,68.2,5.33,0.0
2024-07-31,-0.24727272727272728,4.2,313.569,3.3,66.4,5.33,0.0
2024-08-31,-0.09454545454545454,4.2,314.062,3.3,67.9,5.33,0.0
2024-09-30,0.101,4.1,314.732,3.3,70.1,5.13,0.0
2024-10-31,0.12318181818181818,4.1,315.631,1.9,70.5,4.83,0.0
2024-11-30,0.09842105263157895,4.2,316.528,1.9,71.8,4.64,0.0
2024-12-31,0.1657142857142857,4.1,317.604,1.9,74.0,4.48,0.0
2025-01-31,0.35714285714285715,4.0,318.961,-0.6,71.7,4.33,0.0
2025-02-28,0.24105263157894738,4.2,319.679,-0.6,64.7,4.33,0.0
2025-03-31,0.31047619047619046,4.2,319.785,-0.6,57.0,4.33,0.0
2025-04-30,0.5014285714285714,4.2,320.302,3.8,52.2,4.33,0.0
2025-05-31,0.5038095238095238,4.3,320.62,3.8,52.2,4.33,0.0
2025-06-30,0.49450000000000005,4.1,321.435,3.8,60.7,4.33,0.0
2025-07-31,0.5095454545454546,4.3,322.169,4.4,61.7,4.33,0.0
2025-08-31,0.5609523809523809,4.3,323.291,4.4,58.2,4.33,0.0
2025-09-30,0.5519047619047619,4.4,324.245,4.4,55.1,4.22,0.0
2025-10-31,0.5404545454545455,4.4,324.245,0.7,53.6,4.09,0.0
2025-11-30,0.543888888888889,4.5,325.063,0.7,51.0,3.88,0.0
2025-12-31,0.6422727272727273,4.4,326.031,0.7,52.9,3.72,0.0
2026-01-31,0.6765,4.3,326.588,0.7,56.4,3.64,0.0
2026-02-28,0.6542105263157895,4.4,327.46,0.7,56.6,3.64,0.0
2026-03-31,0.5313636363636364,4.3,327.46,0.7,56.6,3.64,0.0
2026-04-30,0.514,4.3,327.46,0.7,56.6,3.64,0.0
